﻿ÁMBITO,NOMBRE DE LA UNIDAD RECEPTORA,MODALIDAD,LUGAR,FECHA,TIPO,SECTOR,NOMBRE DEL RESPONSABLE,TELÉFONO,CORREO,SITIO WEB,HORARIO ATENCIÓN,CUPO DISPONIBLE
"Servicio Social Constitucional, Práctica Profesional","H. AYUNTAMIENTO DE 
 MINATITLÁN",Presencial,"Minatitlán, Colima","Date(2029,0,31)",Nacional,Público,,314 336 0090, alas2012@hotmail.com,,,
"Servicio Social Constitucional, Práctica Profesional","INSTITUTO MEXICANO DEL
 SEGURO SOCIAL",Presencial,"Colima, Colima","Date(2029,0,31)",Nacional,Público,,,,,,
"Servicio Social Constitucional, Práctica Profesional",SECRETARÍA DE AGRICULTURA Y DESARROLLO RURAL,Presencial,"Colima, Colima","Date(2029,0,31)",Nacional,Público,,,,,,
Práctica Profesional,HOTEL PRESIDENTE INTERCONTINENTAL PUERTO VALLARTA,Presencial,PV-JALISCO,,Nacional,Público,,,,,,
Práctica Profesional,"HOTEL SHERATON 
 BUGANVILIAS RESORT & 
 CONVENTION CENTER",Presencial,"Colima, Colima",,Nacional,Público,,,,,,
Práctica Profesional,"HYPEROX SOLUCIONES DE 
 CIBERSEGURIDAD, S. DE 
 R.L. DE C.V.",Presencial,"Colima, Colima",,Nacional,Público,,,,,,
Práctica Profesional,RESTAURANTE MESTIZO,Presencial,"Colima, Colima",,Nacional,Público,,,,,,
Práctica Profesional,RESTAURANTE MESTIZO,Presencial,"Colima, Colima",,Nacional,Público,,,,,,
Práctica Profesional,ÉCOLE NATIONALE SUPÉRIEURE DES TELÉCOMMUNICATIONS (TELECOM PARÍS),Presencial,"París, Francia ",,Internacional,Internacionales,,,,,,
Práctica Profesional,ORIGEN LATINO RESTAURNATE,Presencial,"Colima, Colima",,Nacional,Privado,,312 330 13 80,,,,
Práctica Profesional,LATINOAMERICA DE HOTELES S. A. DE C. V. (HOTELES CROWN PARADISE),Presencial,"Puerto Vallarta, Jalisco",,Nacional,Privado,,,,,,
Práctica Profesional,ECO ENRIQUECIMIENTO DE CULTIVOS ORGÁNICOS,Presencial,"Armería, Colima","Date(2029,0,31)",Nacional,Privado,,,ashel_sotomayor@hotmail.com,,,
Práctica Profesional,ACCESSA LOGISTICS S.A. DE C.V.,Presencial,"Manzanillo, Colima","Date(2029,0,31)",Nacional,Privado,,,juridico@accessa.com.mx,,,
Práctica Profesional,HELLO CREATIVE LAB,Presencial,"Colima, Colima","Date(2029,0,31)",Nacional,Privado,,,info@hellocreativelab.com,,,
Práctica Profesional,THINK DIGITAL,Presencial,"Colima, Colima","Date(2029,0,31)",Nacional,Privado,,,digitalmktestrategico@gmail.com,,,
Práctica Profesional,ATILIER DU GOUT S.A. DE C.V.,Presencial,"Santiago de Querétaro, Querétaro","Date(2029,0,31)",Nacional,Privado,,,saimthonorepanaderia@gmail.com,,,
Práctica Profesional,"HMH SISTEMAS, S.A. DE C.V.",Presencial,"Colima, Colima","Date(2029,0,31)",Nacional,Privado,,,humberto@hmhsistemsa.com.mx,,,
Práctica Profesional,DISTRIBUIDORA ARCA CONTINENTAL S. DE R.L. DE C.V.,Presencial,"Tecomán, Colima","Date(2029,0,31)",Nacional,Privado,,,pablo.rodriguezv@arcacontal.com,,,
Práctica Profesional,VERIFICACIÓN Y CERTIFICACIÓN PAMFA A.C.,Presencial,"Uruapan, Michoacán","Date(2029,0,31)",Nacional,Privado,,,reclutamiento.selección@pamfa.com.mx,,,
Práctica Profesional,TT&TECH LOGISTICS S.C.,Presencial,"Manzanillo, Colima","Date(2029,0,31)",Nacional,Privado,,,a.rodriguez@grupotranstech.com,,,
Práctica Profesional,ING. JOSÉ ALBERTO ESPITIA CAMBERO,Presencial,"Manzanillo, Colima","Date(2029,0,31)",Nacional,Privado,,,betoespitia@hotmail.com,,,
Práctica Profesional,INSTITUTO DEL ARTESANO MICHOACANO,Presencial,"Morelia, Colima","Date(2029,0,31)",Nacional,Privado,,,gmendez.artesano@michoacano.gob.mx,,,
Práctica Profesional,INSTITUTO ANGLICUS MUNDI,Presencial,"Villa de Álvarez, Colima","Date(2029,0,31)",Nacional,Privado,,,teacherdiananadrade@gmail.com,,,
Práctica Profesional,DOMIND DESARROLLO ORGANIZACIONAL,Presencial,"Colima, Colima","Date(2029,0,31)",Nacional,Privado,,3121560599,joseluis.calderon@domind.com.mx,,,
Práctica Profesional,"COMERCIALIZADORA Y SERVICIOS ADUANALES Y LOGISTICOS DE LA CUENCA DEL PACIFICO, S. DE R.L. DE C.V.",Presencial,"Manzanillo, Colima","Date(2029,0,31)",Nacional,Privado,,,operacin@globalconexion.com.mx,,,
Práctica Profesional,"FESTIVAL DE CINE Y VIDEO DOCUMENTAL ZANATE, A.C.",Presencial,"Guadalajara, Jalisco","Date(2029,0,31)",Nacional,Privado,,,dirección@festivalzanate.org,,,
Práctica Profesional,GRUPO PLATINUM SEGURIDAD PRIVADA,Presencial,"Colima, Colima","Date(2029,0,31)",Nacional,Privado,,,direccion@spgrupoplatinum.com,,,
Práctica Profesional,MANDANA TRANSPORTES Y LOGÍSTICA,Presencial,"Manzanillo, Colima","Date(2029,0,31)",Nacional,Privado,,,gerencia@mandanalogistica.com.mx,,,
Práctica Profesional,"TWO RANCHEROS DIGITAL TECHNOLOGIES, S.A.P.I. DE C.V.",Presencial,"Coyoacán, Ciudad de México","Date(2029,0,31)",Nacional,Privado,,,talento@clevercloud.mx,,,
Práctica Profesional,"INSTITUTO FRAY PEDRO DE GANTE A.C.,",Presencial,"Colima, Colima","Date(2029,0,31)",Nacional,Privado,,,ehrsdb@gmail.com,,,
Práctica Profesional,"AGRICULTORES LATINOS AGROLATIN, S.P.R. DE R.L.",Presencial,"Xalapa, Veracruz","Date(2029,0,31)",Nacional,Privado,,,proyectos@agrolatinmx.com,,,
Práctica Profesional,"SEGDEV DE TICG, S.A.S. DE C.V.",Presencial,"Zapopan, Jalisco","Date(2029,0,31)",Nacional,Privado,,,jesus.avalos@ticglobal.com.mx,,,
Práctica Profesional,GOOD CORE HARVESTING S.A. P. I. DE C.V.,Presencial,"Tonila, Jalisco","Date(2029,0,31)",Nacional,Privado,,,osvaldo.r@tierramaya.com.mx,,,
Práctica Profesional,CORPORATIVO ADUANAL ROBLES S.C.,Presencial,"Manzanillo, Colima","Date(2029,0,31)",Nacional,Privado,,,mmendez@roblesaa.com.mx.,,,
Práctica Profesional,DISEÑO EN REDES DE DATOS VILLA WIRELESS S.A. DE C.V.,Presencial,"Colima, Colima","Date(2029,0,31)",Nacional,Privado,,,administracion@yaainternet.com,,,
Práctica Profesional,DESPACHO CASTILLO MUÑOZ,Presencial,"Manzanillo, Colima","Date(2029,0,31)",Nacional,Privado,,,alexiscastillomtz@hotmail.com,,,
Práctica Profesional,"SLAB ARQUITECTURA E INVESTIGACION, S. DE R.L. DE C.V.",Presencial,"Villa de Álvarez, Colima","Date(2029,0,31)",Nacional,Privado,,,slab.arquitectos@gmail.com,,,
Práctica Profesional,"GRUPO DE INNOVACION EN TECNOLOGIA Y CONSULTORIA VELOR, S.A. DE C.V.",Presencial,"Manzanillo, Colima","Date(2029,0,31)",Nacional,Privado,,,administracion@velor.mx.,,,
"Servicio Social Constitucional, Práctica Profesional","FUNDACION DE EDUCACION ESPECIAL Y DESARROLLO INTEGRAL, I.A.P.",Presencial,"Manzanillo, Colima","Date(2029,0,31)",Nacional,Civiles,,,"contacto@fundacionfeedi.org
  procuracion@fundacionfeedi.org.",,,
Práctica Profesional,"CACHI PEREZ ARQUITECTOS Y ASOCIADOS, S.A. DE C.V._LALA HOTEL BOUTIQUE",Presencial,"Puerto Vallarta, Jalisco","Date(2029,0,31)",Nacional,Privado,,,info@villalalapv.com.,,,
Práctica Profesional,PEDRO MARTINEZ MENDEZ Y CIA S.A. DE C.V.,Presencial,"Manzanillo, Colima","Date(2029,0,31)",Nacional,Privado,,,mcampos@imexfwd.com,,,
Práctica Profesional,ECELENCIA EN LOGISTICA ADUANAL S.C.,Presencial,"Manzanillo, Colima","Date(2029,0,31)",Nacional,Privado,,,talento.humano@ela.com.mx,,,
Práctica Profesional,"SMARTTIE DIGITAL LAB, S.C.",Presencial,"Guadalajara, Jalisco","Date(2029,0,31)",Nacional,Privado,,,hr@smarttie.ca.,,,
Práctica Profesional,TECNOCIBLE AGENCIA DIGITAL,Presencial,"Villa de Álvarez, Colima","Date(2029,0,31)",Nacional,Privado,,,denisse@tecnocible.com,,,
Práctica Profesional,"INSTITUTO ESCOLAR MONTE CORONA, A.C.",Presencial,"Villa de Álvarez, Colima","Date(2029,0,31)",Nacional,Privado,,,oficinageneralmontecorona@outlook.com,,,
Práctica Profesional,CENTRO DE INVESTIGACIÓN EN ALIMENTOS Y DESARROLLO A.C.,Presencial,"Hemosillo, Sonora","Date(2029,0,31)",Nacional,Privado,,,vinculación@ciad.mx,,,
Servicio Social Constitucional,EDUCACIÓN INICIAL Y PREESCOLAR TIERRA Y LIBERTAD A.C.,Presencial,"Villa de Álvarez, Colima","Date(2029,0,31)",Nacional,Público,,,RecursoshumanosCENDI2024@gmail.com.,,,
Práctica Profesional,SERMAT LOGÍSTICA Y TRANSPORTE,Presencial,"Manzanillo, Colima","Date(2029,0,31)",Nacional,Privado,,,nancy.serratos@sermat.com.mx,,,
Práctica Profesional,"NOVA AUTOMATION, S. DE R.L DE C.V.,",Presencial,"Zapopan, Jalisco","Date(2029,0,31)",Nacional,Privado,,,electrónico manuel@novaus.io.,,,
Práctica Profesional,ASESORIA EN LOGISTICA Y SEGURIDAD DUL S.A. DE C.V.,Presencial,"Manzanillo, Colima","Date(2029,0,31)",Nacional,Privado,,,jdelamora@logisticadul.com,,,
Práctica Profesional,HYPEROX SOLUCIONES DE CIBERSEGURIDAD S. DE R.L. DE C.V.,Presencial,"Villa de Álvarez, Colima","Date(2029,0,31)",Nacional,Privado,,,sramirez@hyperox.biz,,,
Práctica Profesional,CENTRO DE APRENDIZAJE Y RECREACIÓN INFANTIL (CAYRI),Presencial,"Colima, Colima","Date(2029,0,31)",Nacional,Privado,,,centroeducativo.cayri@gmail.com,,,
Práctica Profesional,DESARROLLOS DE COLIMA S.A. DE C.V.,Presencial,"Villa de Álvarez, Colima","Date(2029,0,31)",Nacional,Privado,,,victor.cobian@desarrollosdecolima.com,,,
Práctica Profesional,CARGO MILLAN SOLUTIONS S.A. DE C.V.,Presencial,"Colima, Colima","Date(2029,0,31)",Nacional,Privado,,,facturacion.transportesmillan@gmail.com,,,
Práctica Profesional,"MSW TECNOLOGIAS, S.A DE C.V.,",Presencial,"Colima, Colima","Date(2029,0,31)",Nacional,Privado,,,electrónico fania.padilla@msw.com.mx,,,
Práctica Profesional,NATTIB,Presencial,"Colima, Colima","Date(2029,0,31)",Nacional,Privado,,,"dlozanomorfin@gmail.com
 infonattib@gmail.com",,,
Práctica Profesional,DIAGNÓSTICO Y REFERENCIA ANALITICA S.A. DE C.V.,Presencial,"Colima, Colima","Date(2029,0,31)",Nacional,Privado,,,administracion@dyranalitica.com,,,
Práctica Profesional,LOGISTICA G,Presencial,"Manzanillo, Colima;","Date(2029,0,31)",Nacional,Privado,,,logisticagi.mzo@gmail.com,,,
Práctica Profesional,SENTIDOS CREATIVOS,Presencial,"Colima, Colima","Date(2029,0,31)",Nacional,Privado,,,"hola@sentidoscreativos.com, oscar.rivera@sentidoscreativos.com",,,
Práctica Profesional,GRUPO EDUCATIVO COLIMENSE ALARO S.C.,Presencial,"Colima, Colima","Date(2029,0,31)",Nacional,Privado,,,grupoeducativocolimensealaro@gmail.com,,,
Práctica Profesional,CONEXION LOGISTICA Y ADUANERA DEL PACIFICO S.A. DE C.V.,Presencial,"Manzanillo, Colima","Date(2029,0,31)",Nacional,Privado,,,facturacion@clapsa.com.mx,,,
Práctica Profesional,"DUEÑO DEL MAR  WOODWARD GROUP INTERNATIONAL LOGISTIC SERVICES THINK
 GLOBAL, S.C.",Presencial,"Manzanillo, Colima","Date(2029,0,31)",Nacional,Privado,,,mcareaga@woodwardgroup.com.mx,,,
Práctica Profesional,GENKA LOGISTICS S.A. DE C.V.,Presencial,"Colima, Colima","Date(2029,0,31)",Nacional,Privado,,,gdiaz@genka.mx,,,
Práctica Profesional,INTERCARGO SOLUTIONS MEXICO S.A. DE C.V.,Presencial,"Manzanillo, Colima","Date(2029,0,31)",Nacional,Privado,,,"rh@intercargo.com.mx, 
 adminstracion@intercargo.com.mx",,,
Práctica Profesional,MULTISERVICIOS ADUANALES DE MANZANILLO S.C.,Presencial,"Manzanillo, Colima","Date(2029,0,31)",Nacional,Privado,,,patriciap@multiservicios.mx,,,
Práctica Profesional,IAB LOGÍSTICA S.C.,Presencial,"Manzanillo, Colima","Date(2029,0,31)",Nacional,Privado,,,talentohumano2@iabgp.com,,,
Práctica Profesional,IMAN LOGISTICA S.C.,Presencial,"Manzanillo, Colima","Date(2029,0,31)",Nacional,Privado,,,administracion@imanlogistica.com,,,
Práctica Profesional,JL MARKETING S.A. DE C.V.,Presencial,"Colima, Colima","Date(2029,0,31)",Nacional,Privado,,,administracion@jlmarketing.com.mx y direccion@jlmarketing.com.mx.,,,
Práctica Profesional,GRUPO DESARROLLO E INGENIERIA 78 S.A. DE C.V.,Presencial,"Colima, Colima","Date(2029,0,31)",Nacional,Privado,,,servando.garcia@grupo78.com,,,
Práctica Profesional,E.FASTER CONECTI S.A.S. DE C.V.,Presencial,"Colima, Colima","Date(2029,0,31)",Nacional,Privado,,,direccion_clq@efaster.com.mx,,,
Práctica Profesional,CENTRO DE DESARROLLO INFANTIL GANDHI A.C.,Presencial,"Colima, Colima","Date(2029,0,31)",Nacional,Privado,,,victor.lara@colegiogandhi.com,,,
Práctica Profesional,IECA CORPORATIVO EN COMERCIO EXTERIOR S.A. DE C.V.,Presencial,"Manzanillo, Colima","Date(2029,0,31)",Nacional,Privado,,,administracion@grupoieca.com.mx,,,
"Servicio Social Constitucional, Práctica Profesional",INSTITUTO MEXICANO DEL SEGURO SOCIAL (IMSS),Presencial,"Colima, Colima","Date(2029,0,31)",Nacional,Público,,,,,,
Práctica Profesional,CAVA LOGISTICA INTEGRAL S.A. DE C.V.,Presencial,"Colima, Colima","Date(2029,0,31)",Nacional,Privado,,,mmariscal@grupocava.com.mx,,,
"Servicio Social Constitucional, Práctica Profesional","INSTITUTO DEL FONDO NACIONAL DE LA VIVIENDA PARA LOS TRABAJADORES, INFONAVIT",Presencial,"Colima, Colima","Date(2029,0,31)",Nacional,Público,,,jochoaba@infonavit.org.mx,,,
Práctica Profesional,"CORPORATIVA DE SERVICIOS PROFESIONALES, S.A. DE C.V.",Presencial,"Colima, Colima","Date(2029,0,31)",Nacional,Privado,,,"yberbabe@gocsa.com.mx, fgonzalez@gocsa.com.mx",,,
Práctica Profesional,INTEGRADORA LOGISTICA FERNANDEZ S.C.,Presencial,"Manzanillo, Colima;","Date(2029,0,31)",Nacional,Privado,,,do@femelogistica.com.mx,,,
"Servicio Social Constitucional, Práctica Profesional","FUNDACION MEXICANA TATO PARA LA INVESTIGACION Y TRATAMIENTO DEL AUTISMO Y OTROS TRASTORNOS DEL DESARROLLO, I.A.P.",Presencial,"Colima, Colima","Date(2029,0,31)",Nacional,Civiles,,,fundacionautismotato@gmail.com,,,
"Servicio Social Constitucional, Práctica Profesional",INSTITUTO MEXICANO DEL SEGURO SOCIAL,Presencial,"Villa de Álvarez, Colima","Date(2029,0,31)",Nacional,Público,,,,,,
Práctica Profesional,PRÓXIMO DESTINO AGENCIA DE VIAJES,Presencial,"Colima, Colima","Date(2029,0,31)",Nacional,Privado,,,"proxdestinoagencia@gamil.com y
heidicasillas.pd@gmail.com",,,
Práctica Profesional,LOGÍSTICA DINASTÍA S.A. DE C. V.,Presencial,"Manzanillo, Colima","Date(2029,0,31)",Nacional,Privado,,,yamilethpaz.lsp@gmail.com,,,
Práctica Profesional,CIMA LOGISTIC S.A. DE C.V.  (CIMA GROUP),Presencial,"Manzanillo, Colima","Date(2029,0,31)",Nacional,Privado,,,angeles.cuevas@cimagroup.com.mx,,,
Práctica Profesional,RETO COORDINADORA LOGISTICA PORTUARIA S.C.,Presencial,"Manzanillo, Colima","Date(2029,0,31)",Nacional,Privado,,,direccion@logisticareto.com,,,
Práctica Profesional,"TERMINAL MARÍTIMA HAZESA, S.A. DE C.V.",Presencial,Manzanillo,"Date(2029,0,31)",Nacional,Privado,,,g.cardenas@hazesa.com,,,
Práctica Profesional,INGENIERIA CONSTRUCCION Y AUTOMATIZACION DEL PACIFICO S.A. DE C.V.,Presencial,Manzanillo,"Date(2029,0,31)",Nacional,Privado,,,jonatan.verde@icap-ingenieria.com,,,
Práctica Profesional,"PLÁSTICOS Y MATERIAS PRIMAS, S.A. DE C.V.",Presencial,"Guadalajara, Jalisco","Date(2029,0,31)",Nacional,Privado,,,Mjslopez@corpcab.com.mx,,,
Práctica Profesional,CORPORATIVO INTERNACIONAL ESPECIALIZADO S.C.,Presencial,Manznaillo,"Date(2029,0,31)",Nacional,Privado,,,capitalhumano@cieagenciaaduanal.com,,,
Práctica Profesional,ASESORIA CORPORATIVA E INTEGRAL FARIAS S.C.,Presencial,"Colima, Colima","Date(2029,0,31)",Nacional,Privado,,,inbursafarias@yahoo.com.mx,,,
Práctica Profesional,INSTITUTO TECNOLÓGICO DE AGUASCALIENTESINSTITUTO TECNOLÓGICO DE AGUASCALIENTES,Presencial,Aguascalientes,"Date(2029,0,31)",Nacional,Privado,,,vinculacion@aguascalientes.tecnm.mx,,,
Práctica Profesional,"ADMINISTRACIÓN DEL SISTEMA PORTUARIO NACIONAL MANZANILLO, S.A. DE C.V. (ASIPONA),",Presencial,"Manzanillo, Colima","Date(2029,0,31)",Nacional,Público,,,dvirrgen@puertomanzanillo.com.mx,,,
Práctica Profesional,IT SOLUCIONES DE SOFTWARE ARKON S.C.,Presencial,"Manzanillo, Colima","Date(2029,0,31)",Nacional,Privado,,,escobedoir19@gmail.com,,,
Práctica Profesional,MERIT CONSTRUCCIONES Y DESARROLLOS,Presencial,"Colima, Colima","Date(2029,0,31)",Nacional,Privado,,,meritconstrucciones@gmail.com,,,
Práctica Profesional,YOUR MARKETING FIRM S.A. DE C.V.,Presencial,"San Pedro Garza García, Nuevo León","Date(2029,0,31)",Nacional,Privado,,,lupita@pragmafirm.com y hello@pragmafirm.com,,,
"Servicio Social Constitucional, Práctica Profesional",BANCO DE ROPA Y ENSERES DOMESTICOS COLIMA I.A.P.,Presencial,"Colima, Colima","Date(2029,0,31)",Nacional,Civiles,,,bredcplima@gmail.com,,,
Práctica Profesional,"TERMINAL INTERNACIONAL DE MANZANILLO, S.A. DE C.V. (TIMSA)",Presencial,"Manzanillo, Colima","Date(2029,0,31)",Nacional,Privado,,,cabrera.wendi@timsamx.com,,,
Práctica Profesional,OMAR CANOVAS SAUCEDO (COEUR ESTUDIO MARKETING),Presencial,"Bahía de Banderas, Nayarit","Date(2029,0,31)",Nacional,Privado,,,omar@coeurmkt.com,,,
Práctica Profesional,"GRUPO DE LOGISTICA ADUANERA, S.C",Presencial,"Villa de Álvarez, Colima","Date(2029,0,31)",Nacional,Privado,,,alan.ramirez@gla.com.mx,,,
Práctica Profesional,CINTHIA NOEMÍ CÁRDENAS TIRADO (K'INN ESTUDIO DE DISEÑO),Presencial,"Zapotiltic, Jalisco","Date(2029,0,31)",Nacional,Privado,,,hola@kinn.page ,,,
Práctica Profesional,ALMA LETICIA SORIANO FUENTES (STEVIA RANCHO TAJELI),Presencial,"Colima, Colima","Date(2029,0,31)",Nacional,Privado,,,rancho.tajeli@gmial.com,,,
Práctica Profesional,RAFAEL BARREDA GUTIÉRREZ (SICOL),Presencial,"Colima, Colima","Date(2029,0,31)",Nacional,Privado,,,ventas_sicol@outlook.com,,,
Práctica Profesional,"LOGISTICA INTERNACIONAL GRUPO MARES, S.C.",Presencial,"Manzanillo, Colima","Date(2029,0,31)",Nacional,Privado,,,recursos.humanos@maresdelsur.mx,,,
Práctica Profesional,BELINDA RIZO ROJAS (CENTRO DE EDUCACIÓN MUSICAL SCARLATTI),Presencial,"Villa de Álvarez, Colima","Date(2029,0,31)",Nacional,Privado,,,CIM.inicacion.musical@gmail.com,,,
Práctica Profesional,CORPORATIVO MILANIA S.C. DE R.L. DE C.V.,Presencial,"Tepames, Colima","Date(2029,0,31)",Nacional,Privado,,,corporativo.milania@gmail.com,,,
Práctica Profesional,LOGISTICA SIBARITA S.A. DE C.V,Presencial,"Colima, Colima","Date(2029,0,31)",Nacional,Privado,,,admin@lsibarita.mx para,,,
"Servicio Social Constitucional, Práctica Profesional",INSTITUTO COLIMENSE DE LAS MUJERES,Presencial,"Colima, Colima","Date(2027,0,31)",Nacional,Público,,,icmcordinacionjuridica@gmail.com,,,
Práctica Profesional,"BIO PAPPEL, S.A.B. DE C.V.",Presencial,"Atenquique, Tuxpan ","Date(2029,0,31)",Nacional,Privado,,,operezr@biopappel.com,,,
Práctica Profesional,GRUPO ILLINGWORTH LOGISTICS S.A. DE C.V.,Presencial,Manzanillo,"Date(2029,0,31)",Nacional,Privado,,,alexia.illingworth@grupoillingworth.com,,,
Práctica Profesional,GRUPO LOGÍSTICO DE LA CUENCA DEL PACIFICO S.A. DE C.V.,Presencial,Manzanillo,"Date(2029,0,31)",Nacional,Privado,,,"eramirez@grupologistico.mx,
mdiaz@grupologistico.mx",,,
Práctica Profesional,INFORMATIKA CONSULTORÍA,Presencial,"Villa de Álvarez, Colima","Date(2029,0,31)",Nacional,Privado,,,director@infomatika.mx,,,
Práctica Profesional,FERTILIZANTES VIGOR S.A. DE C.V.,Presencial,"Tecomán, Colima","Date(2029,0,31)",Nacional,Privado,,,cgarcia@vigor.mx,,,
Práctica Profesional,HI ESTUDIO MULTIDISCIPLINARIO S.A.S. DE C.V.,Presencial,"Tepatitlán de Morelos, Jalisco","Date(2029,0,31)",Nacional,Privado,,,contacto@hiestudio.com,,,
"Servicio Social Constitucional, Práctica Profesional",SECRETARÍA DE ADMINISTRACIÓN DEL PODER EJECUTIVO DEL ESTADO DE JALISCO,Presencial,"Guadalajara, Jalisco","Date(2030,11,5)",Nacional,Público,,,rocio.lancaster@jalisco.gob.mx,,,
Práctica Profesional,"CONTABILUS, SOLUCIONES CONTABLES Y ADMINISTRATIVAS",Presencial,"Manzanillo, Colima","Date(2029,0,31)",Nacional,Privado,,,ma_lui@hotmail.com,,,
Práctica Profesional,ACUÁTICA 93,Presencial,"Villa de Álvare, Colima","Date(2029,0,31)",Nacional,Privado,,,ctvcervantes@gmail.com,,,
Práctica Profesional,LOGISTICO GEA S.A. DE C.V.,Presencial,"Manzanillo, Colima","Date(2029,0,31)",Nacional,Privado,,,josev@geasa.mx,,,
"Servicio Social Constitucional, Práctica Profesional","SECRETARIA DE AGRICULTURA Y DESARROLLO RURAL, DELEGACIÓN QUERÉTARO",Presencial,"Querétaro, Querétaro","Date(2029,0,31)",Nacional,Público,,,representacion.qro@agricultura.gob.mx,,,
Práctica Profesional,CUAUHTÉMOC GUTIÉRREZ ESPINOSA (DESPACHO CONTABLE),Presencial,"Tecomán, Colima",,Nacional,Privado,,,kevingtzi@hotmail.com,,,
"Servicio Social Constitucional, Práctica Profesional",INSTITUTO DE LAS MUJERES PARA EL MUNICIPIO DE COLIA,Presencial,"Colima, Colima",,Nacional,Público,,,institutodelamujercolima@gmail.com,,,
Práctica Profesional,"ENRIQUE SANTILLÁN LÓPEZ (LABORATORIOS CLÍNICOS ""LAB-SANT"")",Presencial,"Tecomán, Colima","Date(2029,0,31)",Nacional,Privado,,,ensalo90@gmail.com,,,
"Servicio Social Constitucional, Práctica Profesional",INSTITUTO ESTATAL DE EDUCACIÓN PARA LOS ADULTOS,Presencial,"Colima, Colima","Date(2029,0,31)",Nacional,Público,,,ngarciar@inea.gob.mx,,,
"Servicio Social Constitucional, Práctica Profesional",INSTITUTO TECNOLÓGICO DE COLIMA,Presencial,"Villa de álvarez, Colima",,Nacional,Público,,,,,,
Práctica Profesional,"FERTILIZANTES Y AGROQUIMICOS LOS SAUCES, S.A. DE C.V.",Presencial,"Colima, Colima",,Nacional,Privado,,,admin@agromora.mx y,,,
Práctica Profesional,SERVICIOS LOGISTICOS INTEGRALES ESSO S. DE R.L. DE C.V.,Presencial,"Manzanillo, Colima","Date(2029,0,31)",Nacional,Privado,,,asolis@logisticaesso.com,,,
Práctica Profesional,FORENTEC FORENSES EN TECNOLOGIA S.A.S.,Presencial,"Colima, Colima",,Nacional,Privado,,,karina.michel@forentec.com.mx,,,
Práctica Profesional,SOLAREVER TECNOLOGÍA DE AMERICA S.A. DE C.V.,Presencial,"Manzanillo, Colima",,Nacional,Privado,,,leslie.lechuga@solarever.com.mx,,,
Práctica Profesional,GYM ATHLETICS,Presencial,"Colima, Colima",,Nacional,Privado,,,gymathletics.colima@gmail.com,,,
Práctica Profesional,CONDOMINIO TORRE NAUTICA P. EN C.,Presencial,"Manzanillo, Colima",,Nacional,Privado,,,torrenauticamzo@gmail.com,,,
Práctica Profesional,D-TI SOLUCIONES S.A. DE C. V.,Presencial,Ciudad de México,,Nacional,Privado,,,arodriguez@d-tisoluciones.com,,,
Práctica Profesional,"FORMACION DE EJECUTIVOS EXITOSOS, A.C.",Presencial,"Villa de Álvarez, Colima",,Nacional,Privado,,,administracion@btlatina.com,,,
Práctica Profesional,SOC - FUTURO EN TI,Presencial,"Colima, Colima",,Nacional,Privado,,,jomontero@socasesores.com,,,
Práctica Profesional,"AGROM CAMPOS PRODUCTIVOS, S.A. DE C.V.",Presencial,"Tecomán, Colima",,Nacional,Privado,,,agromcontabilidad@gmail.com y,,,
Práctica Profesional,GRUPO LOGISTICO TORRES PEÑA S. DE R.L. DE C.V.,Presencial,"Manzanillo,
Colima",,Nacional,Privado,,,contabilidad@grupoltp.com.mx,,,
Práctica Profesional,QUINTERO LOGISTICS S.A. DE C.V.,Presencial,"Manzanillo,
Colima",,Nacional,Privado,,,gerencia@qclogistics.com.mx,,,
Práctica Profesional,ESQUER GUTIERREZ CONSULTORES S.C.,Presencial,"Colima, Colima",,Nacional,Privado,,,fgalvan@esquergc.com,,,
Práctica Profesional,DESARROLLOS INMOBILIARIOS SALVAR S.A. DE C.V.,Presencial,"Colima, Colima",,Nacional,Privado,,,claudia_traccsa@hotmail.com,,,
Práctica Profesional,"LOGISTICA GEL, S.A. DE C.V.  ",Presencial,"Manzanillo,
Colima",,Nacional,Público,,,comercial1@logisticagel.com,,,
